PMID,Title,Authors,Citation,First Author,Journal/Book,Publication Year,Create Date,PMCID,NIHMS ID,DOI
"36181388","A social network analysis of interorganisational collaboration: Efforts to improve social connectedness","White KB, Resmondo ZN, Jennings JC, Creel LM, Kelly Pryor BN.","Health Soc Care Community. 2022 Nov;30(6):e6067-e6079. doi: 10.1111/hsc.14044. Epub 2022 Oct 1.","White KB","Health Soc Care Community","2022","2022/10/01","PMC10092426","","10.1111/hsc.14044"
"35409474","A Social Network Analysis Approach to COVID-19 Community Detection Techniques","Choudhury T, Arunachalam R, Khanna A, Jasinska E, Bolshev V, Panchenko V, Leonowicz Z.","Int J Environ Res Public Health. 2022 Mar 23;19(7):3791. doi: 10.3390/ijerph19073791.","Choudhury T","Int J Environ Res Public Health","2022","2022/04/12","PMC8997780","","10.3390/ijerph19073791"
"36522684","The COVID-19 Response in North America","Yum S.","Disaster Med Public Health Prep. 2022 Dec 16;17:e320. doi: 10.1017/dmp.2022.290.","Yum S","Disaster Med Public Health Prep","2022","2022/12/15","","","10.1017/dmp.2022.290"
"34264758","Personal Social Networks and Adiposity in Adolescents: A Feasibility Study","Ybarra M, Barnett TA, Yu J, Van Hulst A, Drouin O, Kakinami L, Saint-Charles J, Henderson M.","Child Obes. 2021 Dec;17(8):542-550. doi: 10.1089/chi.2020.0343. Epub 2021 Jul 14.","Ybarra M","Child Obes","2021","2021/07/15","","","10.1089/chi.2020.0343"
"31405293","A Network Approach to Stroke Systems of Care","Zachrison KS, Dhand A, Schwamm LH, Onnela JP.","Circ Cardiovasc Qual Outcomes. 2019 Aug;12(8):e005526. doi: 10.1161/CIRCOUTCOMES.119.005526. Epub 2019 Aug 13.","Zachrison KS","Circ Cardiovasc Qual Outcomes","2019","2019/08/14","PMC6822608","NIHMS1535636","10.1161/CIRCOUTCOMES.119.005526"
"32907685","Social Network Analysis of COVID-19 Public Discourse on Twitter: Implications for Risk Communication","Pascual-Ferrá P, Alperstein N, Barnett DJ.","Disaster Med Public Health Prep. 2022 Apr;16(2):561-569. doi: 10.1017/dmp.2020.347. Epub 2020 Sep 10.","Pascual-Ferrá P","Disaster Med Public Health Prep","2022","2020/09/10","PMC7674807","","10.1017/dmp.2020.347"
"32066416","Social networks and obesity among Somali immigrants and refugees","Njeru JW, Wieland ML, Okamoto JM, Novotny PJ, Breen-Lyles MK, Osman A, Ahmed YA, Nur MA, Nur O, Sia IG.","BMC Public Health. 2020 Feb 17;20(1):238. doi: 10.1186/s12889-020-8315-7.","Njeru JW","BMC Public Health","2020","2020/02/19","PMC7026979","","10.1186/s12889-020-8315-7"
"35805378","Social Network Analysis of COVID-19 Sentiments: 10 Metropolitan Cities in Italy","Fernandez G, Maione C, Yang H, Zaballa K, Bonnici N, Carter J, Spitzberg BH, Jin C, Tsou MH.","Int J Environ Res Public Health. 2022 Jun 23;19(13):7720. doi: 10.3390/ijerph19137720.","Fernandez G","Int J Environ Res Public Health","2022","2022/07/09","PMC9266273","","10.3390/ijerph19137720"
"36045084","COVID-19 pandemic and food poverty conversations: Social network analysis of Twitter data","Eskandari F, Lake AA, Butler M.","Nutr Bull. 2022 Mar;47(1):93-105. doi: 10.1111/nbu.12547.","Eskandari F","Nutr Bull","2022","2022/08/31","","","10.1111/nbu.12547"
"36057411","Social network analysis of Staphylococcus aureus carriage in a general youth population","Stensen DB, Cañadas RAN, Småbrekke L, Olsen K, Nielsen CS, Svendsen K, Hanssen AM, Ericson JU, Simonsen GS, Bongo LA, Furberg AS.","Int J Infect Dis. 2022 Oct;123:200-209. doi: 10.1016/j.ijid.2022.08.018. Epub 2022 Aug 31.","Stensen DB","Int J Infect Dis","2022","2022/09/03","","","10.1016/j.ijid.2022.08.018"
"33323526","Nursing home staff networks and COVID-19","Chen MK, Chevalier JA, Long EF.","Proc Natl Acad Sci U S A. 2021 Jan 7;118(1):e2015455118. doi: 10.1073/pnas.2015455118.","Chen MK","Proc Natl Acad Sci U S A","2021","2020/12/16","PMC7817179","","10.1073/pnas.2015455118"
"35705189","Investigation of COVID-19 Outbreak among Wildland Firefighters during Wildfire Response, Colorado, USA, 2020","Metz AR, Bauer M, Epperly C, Stringer G, Marshall KE, Webb LM, Hetherington-Rauth M, Matzinger SR, Totten SE, Travanty EA, Good KM, Burakoff A.","Emerg Infect Dis. 2022 Aug;28(8):1551-1558. doi: 10.3201/eid2808.220310. Epub 2022 Jun 15.","Metz AR","Emerg Infect Dis","2022","2022/06/15","PMC9328929","","10.3201/eid2808.220310"
"34601563","Advances, challenges and opportunities of phylogenetic and social network analysis using COVID-19 data","Wang Y, Zhao Y, Pan Q.","Brief Bioinform. 2022 Jan 17;23(1):bbab406. doi: 10.1093/bib/bbab406.","Wang Y","Brief Bioinform","2022","2021/10/03","","","10.1093/bib/bbab406"
"35356021","Knowledge Mapping Analysis of Public Health Emergency Management Research Based on Web of Science","Yang L, Fang X, Zhu J.","Front Public Health. 2022 Mar 9;10:755201. doi: 10.3389/fpubh.2022.755201. eCollection 2022.","Yang L","Front Public Health","2022","2022/03/31","PMC8959372","","10.3389/fpubh.2022.755201"
"32750001","Social Network Analysis of COVID-19 Sentiments: Application of Artificial Intelligence","Hung M, Lauren E, Hon ES, Birmingham WC, Xu J, Su S, Hon SD, Park J, Dang P, Lipsky MS.","J Med Internet Res. 2020 Aug 18;22(8):e22590. doi: 10.2196/22590.","Hung M","J Med Internet Res","2020","2020/08/05","PMC7438102","","10.2196/22590"
"32412998","What constitutes a syndemic? Methods, contexts, and framing from 2019","Mendenhall E, Singer M.","Curr Opin HIV AIDS. 2020 Jul;15(4):213-217. doi: 10.1097/COH.0000000000000628.","Mendenhall E","Curr Opin HIV AIDS","2020","2020/05/16","","","10.1097/COH.0000000000000628"
"32972463","Social network analysis of COVID-19 transmission in Karnataka, India","Saraswathi S, Mukhopadhyay A, Shah H, Ranganath TS.","Epidemiol Infect. 2020 Sep 25;148:e230. doi: 10.1017/S095026882000223X.","Saraswathi S","Epidemiol Infect","2020","2020/09/25","PMC7550886","","10.1017/S095026882000223X"
"34627532","Advancing urban mental health research: from complexity science to actionable targets for intervention","van der Wal JM, van Borkulo CD, Deserno MK, Breedvelt JJF, Lees M, Lokman JC, Borsboom D, Denys D, van Holst RJ, Smidt MP, Stronks K, Lucassen PJ, van Weert JCM, Sloot PMA, Bockting CL, Wiers RW.","Lancet Psychiatry. 2021 Nov;8(11):991-1000. doi: 10.1016/S2215-0366(21)00047-X. Epub 2021 Oct 7.","van der Wal JM","Lancet Psychiatry","2021","2021/10/10","","","10.1016/S2215-0366(21)00047-X"
"33804857","Friendship and Consumption Networks in Adolescents and Their Relationship to Stress and Cannabis Use Intention","Martínez-Fernández MC, Liébana-Presa C, Fernández-Martínez E, Gomes L, García-Rodríguez I.","Int J Environ Res Public Health. 2021 Mar 24;18(7):3335. doi: 10.3390/ijerph18073335.","Martínez-Fernández MC","Int J Environ Res Public Health","2021","2021/04/03","PMC8037276","","10.3390/ijerph18073335"
"32352383","COVID-19 and the 5G Conspiracy Theory: Social Network Analysis of Twitter Data","Ahmed W, Vidal-Alaball J, Downing J, López Seguí F.","J Med Internet Res. 2020 May 6;22(5):e19458. doi: 10.2196/19458.","Ahmed W","J Med Internet Res","2020","2020/05/01","PMC7205032","","10.2196/19458"
"32942988","Social network analysis methods for exploring SARS-CoV-2 contact tracing data","Nagarajan K, Muniyandi M, Palani B, Sellappan S.","BMC Med Res Methodol. 2020 Sep 17;20(1):233. doi: 10.1186/s12874-020-01119-3.","Nagarajan K","BMC Med Res Methodol","2020","2020/09/18","PMC7494745","","10.1186/s12874-020-01119-3"
"36554258","Public Opinion Manipulation on Social Media: Social Network Analysis of Twitter Bots during the COVID-19 Pandemic","Weng Z, Lin A.","Int J Environ Res Public Health. 2022 Dec 7;19(24):16376. doi: 10.3390/ijerph192416376.","Weng Z","Int J Environ Res Public Health","2022","2022/12/23","PMC9779151","","10.3390/ijerph192416376"
"31628725","Network analysis of intra-hospital transfers and hospital onset clostridium difficile infection","McHaney-Lindstrom M, Hebert C, Miller H, Moffatt-Bruce S, Root E.","Health Info Libr J. 2020 Mar;37(1):26-34. doi: 10.1111/hir.12274. Epub 2019 Oct 19.","McHaney-Lindstrom M","Health Info Libr J","2020","2019/10/20","PMC7321830","NIHMS1601284","10.1111/hir.12274"
"33030435","Brain Tumor Discussions on Twitter (#BTSM): Social Network Analysis","Feliciano JT, Salmi L, Blotner C, Hayden A, Nduom EK, Kwan BM, Katz MS, Claus EB.","J Med Internet Res. 2020 Oct 8;22(10):e22005. doi: 10.2196/22005.","Feliciano JT","J Med Internet Res","2020","2020/10/08","PMC7582142","","10.2196/22005"
"36027760","Understanding organ donation processes and structures in ontario: A social network analysis approach","Silva E Silva V, Schirmer J, de Aguiar Roza B, Sarti A, Hickey M, Dhanani S, Almost J, Schafer M, Tranmer J.","Soc Sci Med. 2022 Oct;310:115243. doi: 10.1016/j.socscimed.2022.115243. Epub 2022 Aug 17.","Silva E Silva V","Soc Sci Med","2022","2022/08/26","","","10.1016/j.socscimed.2022.115243"
"32847404","Sexual and social networks, venue attendance, and HIV risk among young men who have sex with men","Buzi RS, Madanay FL, Fujimoto K.","AIDS Care. 2021 May;33(5):639-644. doi: 10.1080/09540121.2020.1812044. Epub 2020 Aug 26.","Buzi RS","AIDS Care","2021","2020/08/28","","","10.1080/09540121.2020.1812044"
"32283352","Mental health disorders and adolescent peer relationships","Long E, Gardani M, McCann M, Sweeting H, Tranmer M, Moore L.","Soc Sci Med. 2020 May;253:112973. doi: 10.1016/j.socscimed.2020.112973. Epub 2020 Apr 8.","Long E","Soc Sci Med","2020","2020/04/14","PMC7248572","","10.1016/j.socscimed.2020.112973"
"33341667","Network structure and rapid HIV transmission among people who inject drugs: A simulation-based analysis","Singleton AL, Marshall BDL, Bessey S, Harrison MT, Galvani AP, Yedinak JL, Jacka BP, Goodreau SM, Goedel WC.","Epidemics. 2021 Mar;34:100426. doi: 10.1016/j.epidem.2020.100426. Epub 2020 Dec 14.","Singleton AL","Epidemics","2021","2020/12/20","PMC7940592","NIHMS1668653","10.1016/j.epidem.2020.100426"
"34091089","Spatial and network analysis of U.S. livestock movements based on Interstate Certificates of Veterinary Inspection","Cabezas AH, Sanderson MW, Lockhart CY, Riley KA, Hanthorn CJ.","Prev Vet Med. 2021 Aug;193:105391. doi: 10.1016/j.prevetmed.2021.105391. Epub 2021 May 29.","Cabezas AH","Prev Vet Med","2021","2021/06/06","","","10.1016/j.prevetmed.2021.105391"
"34252815","Longitudinal social network analysis of avian mycobacteriosis incidence in a large population of zoo birds","Witte C, Vaida F, Papendick R, Hungerford LL, Rideout BA, Fowler JH.","Prev Vet Med. 2021 Aug;193:105415. doi: 10.1016/j.prevetmed.2021.105415. Epub 2021 Jun 23.","Witte C","Prev Vet Med","2021","2021/07/12","","","10.1016/j.prevetmed.2021.105415"
"31046717","Social network analysis to characterize women victims of violence","Leone M, Lapucci E, De Sario M, Davoli M, Farchi S, Michelozzi P.","BMC Public Health. 2019 May 2;19(1):494. doi: 10.1186/s12889-019-6797-y.","Leone M","BMC Public Health","2019","2019/05/04","PMC6498634","","10.1186/s12889-019-6797-y"
"35162274","Global Trends in Scientific Research on Pediatric Obesity","Coronado-Ferrer S, Ferrer-Sapena A, Aleixandre-Benavent R, Valderrama Zurián JC, Cogollos LC.","Int J Environ Res Public Health. 2022 Jan 23;19(3):1251. doi: 10.3390/ijerph19031251.","Coronado-Ferrer S","Int J Environ Res Public Health","2022","2022/02/15","PMC8834687","","10.3390/ijerph19031251"
"31622342","Leadership in informal stormwater governance networks","Chaffin BC, Floyd TM, Albro SL.","PLoS One. 2019 Oct 17;14(10):e0222434. doi: 10.1371/journal.pone.0222434. eCollection 2019.","Chaffin BC","PLoS One","2019","2019/10/18","PMC6797200","","10.1371/journal.pone.0222434"
"34608258","Clusters of science and health related Twitter users become more isolated during the COVID-19 pandemic","Durazzi F, Müller M, Salathé M, Remondini D.","Sci Rep. 2021 Oct 4;11(1):19655. doi: 10.1038/s41598-021-99301-0.","Durazzi F","Sci Rep","2021","2021/10/05","PMC8490394","","10.1038/s41598-021-99301-0"
"33588982","Informatics for COVID-19 in New York and California","Yum S.","Disaster Med Public Health Prep. 2022 Oct;16(5):1775-1779. doi: 10.1017/dmp.2021.53. Epub 2021 Feb 16.","Yum S","Disaster Med Public Health Prep","2022","2021/02/16","PMC8111212","","10.1017/dmp.2021.53"
"35329428","Global Trends and Research Hotspots in Long COVID: A Bibliometric Analysis","Jin H, Lu L, Fan H.","Int J Environ Res Public Health. 2022 Mar 21;19(6):3742. doi: 10.3390/ijerph19063742.","Jin H","Int J Environ Res Public Health","2022","2022/03/25","PMC8955790","","10.3390/ijerph19063742"
"31437257","Using social network analysis to examine alcohol use among adults: A systematic review","Knox J, Schneider J, Greene E, Nicholson J, Hasin D, Sandfort T.","PLoS One. 2019 Aug 22;14(8):e0221360. doi: 10.1371/journal.pone.0221360. eCollection 2019.","Knox J","PLoS One","2019","2019/08/23","PMC6705782","","10.1371/journal.pone.0221360"
"33333438","Exposure to and experience of self-harm and self-harm related content: An exploratory network analysis","Kirtley OJ, Hussey I, Marzano L.","Psychiatry Res. 2021 Jan;295:113572. doi: 10.1016/j.psychres.2020.113572. Epub 2020 Nov 19.","Kirtley OJ","Psychiatry Res","2021","2020/12/17","","","10.1016/j.psychres.2020.113572"
"32936771","COVID-19 and the ""Film Your Hospital"" Conspiracy Theory: Social Network Analysis of Twitter Data","Ahmed W, López Seguí F, Vidal-Alaball J, Katz MS.","J Med Internet Res. 2020 Oct 5;22(10):e22374. doi: 10.2196/22374.","Ahmed W","J Med Internet Res","2020","2020/09/16","PMC7537721","","10.2196/22374"
"37558982","A social network analysis model approach to understand tuberculosis transmission in remote rural Madagascar","Pando C, Hazel A, Tsang LY, Razafindrina K, Andriamiadanarivo A, Rabetombosoa RM, Ambinintsoa I, Sadananda G, Small PM, Knoblauch AM, Rakotosamimanana N, Grandjean Lapierre S.","BMC Public Health. 2023 Aug 9;23(1):1511. doi: 10.1186/s12889-023-16425-w.","Pando C","BMC Public Health","2023","2023/08/09","PMC10410943","","10.1186/s12889-023-16425-w"
"35805223","Social Network Analysis on the Mobility of Three Vulnerable Population Subgroups: Domestic Workers, Flight Crews, and Sailors during the COVID-19 Pandemic in Hong Kong","Yu W, Alipio C, Wan J, Mane H, Nguyen QC.","Int J Environ Res Public Health. 2022 Jun 21;19(13):7565. doi: 10.3390/ijerph19137565.","Yu W","Int J Environ Res Public Health","2022","2022/07/09","PMC9265614","","10.3390/ijerph19137565"
"35954664","Contact Tracing Research: A Literature Review Based on Scientific Collaboration Network","Li H, Zhu Y, Niu Y.","Int J Environ Res Public Health. 2022 Jul 29;19(15):9311. doi: 10.3390/ijerph19159311.","Li H","Int J Environ Res Public Health","2022","2022/08/12","PMC9367716","","10.3390/ijerph19159311"
"32555649","Application of network analysis and cluster analysis for better prevention and control of swine diseases in Argentina","Baron JN, Aznar MN, Monterubbianesi M, Martínez-López B.","PLoS One. 2020 Jun 17;15(6):e0234489. doi: 10.1371/journal.pone.0234489. eCollection 2020.","Baron JN","PLoS One","2020","2020/06/20","PMC7299388","","10.1371/journal.pone.0234489"
"36181386","Investigating COVID-19 transmission in a tertiary hospital in Hanoi, Vietnam using social network analysis","Hoang NT, Pham TQ, Quach HL, Hoang NV, Nguyen KC, Dang DA, Vogt F.","Trop Med Int Health. 2022 Nov;27(11):981-989. doi: 10.1111/tmi.13822. Epub 2022 Oct 11.","Hoang NT","Trop Med Int Health","2022","2022/10/01","PMC9537787","","10.1111/tmi.13822"
"35380540","Sexual Partner Referral for HIV Testing Through Social Networking Platforms: Cross-sectional Study","Chiou PY, Hung CC, Chen CY.","JMIR Public Health Surveill. 2022 Apr 5;8(4):e32156. doi: 10.2196/32156.","Chiou PY","JMIR Public Health Surveill","2022","2022/04/05","PMC9019628","","10.2196/32156"
"37211500","Social Isolation, Loneliness, and Cognitive Performance in Older Adults: Evidence From the ELSI-Brazil Study","Souza JG, Farias-Itao DS, Aliberti MJR, Bertola L, de Andrade FB, Lima-Costa MF, Ferri CP, Suemoto CK.","Am J Geriatr Psychiatry. 2023 Aug;31(8):610-620. doi: 10.1016/j.jagp.2023.03.013. Epub 2023 Apr 10.","Souza JG","Am J Geriatr Psychiatry","2023","2023/05/21","","","10.1016/j.jagp.2023.03.013"
"33524175","Peer-reported bullying, rejection and hallucinatory experiences in childhood","Steenkamp LR, Tiemeier H, Bolhuis K, Hillegers MHJ, Kushner SA, Blanken LME.","Acta Psychiatr Scand. 2021 Jun;143(6):503-512. doi: 10.1111/acps.13282. Epub 2021 Feb 16.","Steenkamp LR","Acta Psychiatr Scand","2021","2021/02/01","PMC8248258","","10.1111/acps.13282"
"33802247","Using Social Network Analysis to Identify Spatiotemporal Spread Patterns of COVID-19 around the World: Online Dashboard Development","Yie KY, Chien TW, Yeh YT, Chou W, Su SB.","Int J Environ Res Public Health. 2021 Mar 3;18(5):2461. doi: 10.3390/ijerph18052461.","Yie KY","Int J Environ Res Public Health","2021","2021/04/03","PMC7967593","","10.3390/ijerph18052461"
"31133537","Collaborative health service planning: A stakeholder analysis with social network analysis to develop a community pharmacy service","Franco-Trigo L, Marqués-Sánchez P, Tudball J, Benrimoj SI, Martínez-Martínez F, Sabater-Hernández D.","Res Social Adm Pharm. 2020 Feb;16(2):216-229. doi: 10.1016/j.sapharm.2019.05.008. Epub 2019 May 21.","Franco-Trigo L","Res Social Adm Pharm","2020","2019/05/29","","","10.1016/j.sapharm.2019.05.008"
"31865472","National Identity Development and Friendship Network Dynamics among Immigrant and Non-Immigrant Youth","Umaña-Taylor AJ, Kornienko O, McDermott ER, Motti-Stefanidi F.","J Youth Adolesc. 2020 Mar;49(3):706-723. doi: 10.1007/s10964-019-01181-1. Epub 2019 Dec 21.","Umaña-Taylor AJ","J Youth Adolesc","2020","2019/12/23","","","10.1007/s10964-019-01181-1"
"35832275","New Insights Into the Social Rumor Characteristics During the COVID-19 Pandemic in China","Lv W, Zhou W, Gao B, Han Y, Fang H.","Front Public Health. 2022 Jun 27;10:864955. doi: 10.3389/fpubh.2022.864955. eCollection 2022.","Lv W","Front Public Health","2022","2022/07/14","PMC9271676","","10.3389/fpubh.2022.864955"
"34042836","Integrated Infodemic Surveillance System: The Case of COVID-19 in South Korea","Park GS, Bae J, Lee JH, Yun BY, Lee B, Shin EK.","Stud Health Technol Inform. 2021 May 27;281:1036-1040. doi: 10.3233/SHTI210342.","Park GS","Stud Health Technol Inform","2021","2021/05/27","","","10.3233/SHTI210342"
"32894286","Health equity considerations in COVID-19: geospatial network analysis of the COVID-19 outbreak in the migrant population in Singapore","Yi H, Ng ST, Farwin A, Pei Ting Low A, Chang CM, Lim J.","J Travel Med. 2021 Feb 23;28(2):taaa159. doi: 10.1093/jtm/taaa159.","Yi H","J Travel Med","2021","2020/09/07","PMC7499763","","10.1093/jtm/taaa159"
"34775127","Quantifying changes in the British cattle movement network","Duncan AJ, Reeves A, Gunn GJ, Humphry RW.","Prev Vet Med. 2022 Jan;198:105524. doi: 10.1016/j.prevetmed.2021.105524. Epub 2021 Oct 29.","Duncan AJ","Prev Vet Med","2022","2021/11/14","","","10.1016/j.prevetmed.2021.105524"
"35850026","Extent and implications of omitted ties on network measures in a longitudinal social network survey of people who use drugs","Upton EM, Rudolph AE, Ward PJ, Havens JR, Young AM.","Drug Alcohol Depend. 2022 Sep 1;238:109554. doi: 10.1016/j.drugalcdep.2022.109554. Epub 2022 Jul 4.","Upton EM","Drug Alcohol Depend","2022","2022/07/19","PMC9514791","NIHMS1835500","10.1016/j.drugalcdep.2022.109554"
"32334132","Social network analysis of practice adoption facing outbreaks of African Swine Fever","Govoeyi B, Agbokounou AM, Camara Y, Ahounou SG, Dotche IO, Kiki PS, Abdou Karim IY, Delabouglise A, Antoine-Moussiaux N.","Prev Vet Med. 2020 Jun;179:105008. doi: 10.1016/j.prevetmed.2020.105008. Epub 2020 Apr 20.","Govoeyi B","Prev Vet Med","2020","2020/04/26","","","10.1016/j.prevetmed.2020.105008"
"35590183","The Role of Social Position Within Peer Groups in Distress-Motivated Smoking Among Adolescents","Cole VT, Hussong AM, McNeish DM, Ennett ST, Rothenberg AW, Gottfredson NC, Faris RW.","J Stud Alcohol Drugs. 2022 May;83(3):420-429. doi: 10.15288/jsad.2022.83.420.","Cole VT","J Stud Alcohol Drugs","2022","2022/05/19","PMC9134997","","10.15288/jsad.2022.83.420"
"35694801","Coupling spatial statistics with social network analysis to estimate distinct risk areas of disease circulation to improve risk-based surveillance","Cardenas NC, Sanchez F, Lopes FPN, Machado G.","Transbound Emerg Dis. 2022 Sep;69(5):e2757-e2768. doi: 10.1111/tbed.14627. Epub 2022 Jun 25.","Cardenas NC","Transbound Emerg Dis","2022","2022/06/13","PMC9796646","","10.1111/tbed.14627"
"36367864","Advancing community-engaged research during the COVID-19 pandemic: Insights from a social network analysis of the trans-LINK Network","Du Mont J, Lebel N, Coelho M, Friedman Burley J, Kosa SD, Macdonald S.","PLoS One. 2022 Nov 11;17(11):e0271397. doi: 10.1371/journal.pone.0271397. eCollection 2022.","Du Mont J","PLoS One","2022","2022/11/11","PMC9651585","","10.1371/journal.pone.0271397"
"35982635","The Association Between Social Network Characteristics and Tuberculosis Infection Among Adults in 9 Rural Ugandan Communities","Marquez C, Chen Y, Atukunda M, Chamie G, Balzer LB, Kironde J, Ssemmondo E, Mwangwa F, Kabami J, Owaraganise A, Kakande E, Abbott R, Ssekyanzi B, Koss C, Kamya MR, Charlebois ED, Havlir DV, Petersen ML.","Clin Infect Dis. 2023 Feb 8;76(3):e902-e909. doi: 10.1093/cid/ciac669.","Marquez C","Clin Infect Dis","2023","2022/08/19","PMC10169405","","10.1093/cid/ciac669"
"35570925","Whether Social Participation Can Affect the Central Government Public Policy Response to the COVID-19 in China","Fu L, Sun H, Xu K.","Front Public Health. 2022 Apr 27;10:842373. doi: 10.3389/fpubh.2022.842373. eCollection 2022.","Fu L","Front Public Health","2022","2022/05/16","PMC9093180","","10.3389/fpubh.2022.842373"
"32279680","Interorganizational Coordination and Collaboration During the 2015 MERS-CoV Response in South Korea","Kim Y, Oh SS, Ku M, Byeon J.","Disaster Med Public Health Prep. 2021 Aug;15(4):409-415. doi: 10.1017/dmp.2020.32. Epub 2020 Apr 13.","Kim Y","Disaster Med Public Health Prep","2021","2020/04/14","","","10.1017/dmp.2020.32"
"30549377","Use of network analysis multidrug-resistant tuberculosis contact investigation in Kanchanaburi, Thailand","Boonthanapat N, Soontornmon K, Pungrassami P, Sukhasitwanichkul J, Mahasirimongkol S, Jiraphongsa C, Monkongdee P, Angchokchatchawal K, Wiratsudakul A.","Trop Med Int Health. 2019 Mar;24(3):320-327. doi: 10.1111/tmi.13190. Epub 2019 Jan 8.","Boonthanapat N","Trop Med Int Health","2019","2018/12/15","","","10.1111/tmi.13190"
"36494627","Care and support networks of community-dwelling frail individuals in North West London: a comparison of patient and healthcare workers' perceptions","Sunkersing D, Martin FC, Sullivan P, Bell D.","BMC Geriatr. 2022 Dec 9;22(1):953. doi: 10.1186/s12877-022-03561-y.","Sunkersing D","BMC Geriatr","2022","2022/12/09","PMC9737751","","10.1186/s12877-022-03561-y"
"33462333","Evaluation of nosocomial infections through contact patterns in a small animal hospital using social network analysis and genotyping techniques","Churak A, Poolkhet C, Tamura Y, Sato T, Fukuda A, Thongratsakul S.","Sci Rep. 2021 Jan 18;11(1):1647. doi: 10.1038/s41598-021-81301-9.","Churak A","Sci Rep","2021","2021/01/19","PMC7814024","","10.1038/s41598-021-81301-9"
"33761266","Evolution of a Coalition Network during a Whole-of-Community Intervention to Prevent Early Childhood Obesity","Korn AR, Hammond RA, Hennessy E, Must A, Pachucki MC, Economos CD.","Child Obes. 2021 Sep;17(6):379-390. doi: 10.1089/chi.2020.0156. Epub 2021 Mar 23.","Korn AR","Child Obes","2021","2021/03/24","PMC8390774","","10.1089/chi.2020.0156"
"33971700","The anatomy of COVID-19 comorbidity networks among hospitalized Korean patients","Shin EK, Choi HY, Hayes N.","Epidemiol Health. 2021;43:e2021035. doi: 10.4178/epih.e2021035. Epub 2021 May 7.","Shin EK","Epidemiol Health","2021","2021/05/11","PMC8289479","","10.4178/epih.e2021035"
"36106165","Exploring time evolution characteristics of the collaborative mode in emergency information release of public health emergencies: A network analysis of response to COVID-19 from the central government of China","Liu J, Song Y, An S, Dong C, Lian C.","Front Public Health. 2022 Aug 29;10:970514. doi: 10.3389/fpubh.2022.970514. eCollection 2022.","Liu J","Front Public Health","2022","2022/09/15","PMC9465244","","10.3389/fpubh.2022.970514"
"37818306","Research on the collaborative evolution process of information in public health emergencies based on complex adaptive system theory and social network analysis: a case study of the COVID-19 pandemic","Lv K, Luo X, Shan J, Guo Y, Xiang M.","Front Public Health. 2023 Sep 25;11:1210255. doi: 10.3389/fpubh.2023.1210255. eCollection 2023.","Lv K","Front Public Health","2023","2023/10/11","PMC10560709","","10.3389/fpubh.2023.1210255"
"33690145","Echo Chamber Effect in Rumor Rebuttal Discussions About COVID-19 in China: Social Media Content and Network Analysis Study","Wang D, Qian Y.","J Med Internet Res. 2021 Mar 25;23(3):e27009. doi: 10.2196/27009.","Wang D","J Med Internet Res","2021","2021/03/10","PMC7996199","","10.2196/27009"
"36141795","Descriptive Study of Friendship Networks in Adolescents and Their Relationship with Self-Efficacy and Alcohol Consumption Using Social Network Analysis","Quiroga-Sánchez E, García AG, Arias-Ramos N, Liébana-Presa C, Marques-Sánchez P, Gomes L.","Int J Environ Res Public Health. 2022 Sep 13;19(18):11527. doi: 10.3390/ijerph191811527.","Quiroga-Sánchez E","Int J Environ Res Public Health","2022","2022/09/23","PMC9517672","","10.3390/ijerph191811527"
"35346050","Information exchange networks for chronic diseases in primary care practices in Germany: a cross-sectional study","Arnold C, Hennrich P, Wensing M.","BMC Prim Care. 2022 Mar 28;23(1):56. doi: 10.1186/s12875-022-01649-3.","Arnold C","BMC Prim Care","2022","2022/03/29","PMC8958478","","10.1186/s12875-022-01649-3"
"33689961","Spatio-temporal network analysis of pig trade to inform the design of risk-based disease surveillance","Cardenas NC, VanderWaal K, Veloso FP, Galvis JOA, Amaku M, Grisi-Filho JHH.","Prev Vet Med. 2021 Apr;189:105314. doi: 10.1016/j.prevetmed.2021.105314. Epub 2021 Mar 3.","Cardenas NC","Prev Vet Med","2021","2021/03/10","","","10.1016/j.prevetmed.2021.105314"
"30870087","Reaching marginalized young women for HIV prevention in Botswana: a pilot social network analysis","Loutfi D, Andersson N, Law S, Kgakole L, Salsberg J, Haggerty J, Cockcroft A.","Glob Health Promot. 2020 Jun;27(2):74-81. doi: 10.1177/1757975918820803. Epub 2019 Mar 14.","Loutfi D","Glob Health Promot","2020","2019/03/15","","","10.1177/1757975918820803"
"33649407","Analysis of dynamic contact network of patients with COVID-19 in Shaanxi Province of China","Yang Z.","Sci Rep. 2021 Mar 1;11(1):4889. doi: 10.1038/s41598-021-84428-x.","Yang Z","Sci Rep","2021","2021/03/02","PMC7921424","","10.1038/s41598-021-84428-x"
"31279536","Network analysis of cases with methicillin-resistant Staphylococcus aureus and controls in a large tertiary care facility","Moldovan ID, Suh K, Liu EY, Jolly A.","Am J Infect Control. 2019 Dec;47(12):1420-1425. doi: 10.1016/j.ajic.2019.05.026. Epub 2019 Jul 3.","Moldovan ID","Am J Infect Control","2019","2019/07/08","","","10.1016/j.ajic.2019.05.026"
"34139934","Physician patient-sharing relationships and healthcare costs and utilization in China: social network analysis based on health insurance data","Hu H, Zhang Y, Zhu D, Guan X, Shi L.","Postgrad Med. 2021 Sep;133(7):798-806. doi: 10.1080/00325481.2021.1944650. Epub 2021 Jun 28.","Hu H","Postgrad Med","2021","2021/06/18","","","10.1080/00325481.2021.1944650"
"36376628","The Role of Physician Networks and Receipt of Opioid-Related Payments","Pope E, Sehgal N.","J Gen Intern Med. 2023 Jun;38(8):1812-1820. doi: 10.1007/s11606-022-07870-1. Epub 2022 Nov 14.","Pope E","J Gen Intern Med","2023","2022/11/15","PMC10272029","","10.1007/s11606-022-07870-1"
"36245062","Cohort profile: the Food Chain Plus (FoCus) cohort","Geisler C, Schlicht K, Knappe C, Rohmann N, Hartmann K, Türk K, Settgast U, Schulte DM, Demetrowitsch T, Jensen-Kroll J, Pisarevskaja A, Brix F, Gruber B, Rimbach G, Döring F, Rosenstiel P, Franke A, Schreiber S, Henning CHCA, Lieb W, Nöthlings U, Schwarz K, Laudes M.","Eur J Epidemiol. 2022 Oct;37(10):1087-1105. doi: 10.1007/s10654-022-00924-y. Epub 2022 Oct 16.","Geisler C","Eur J Epidemiol","2022","2022/10/16","PMC9630232","","10.1007/s10654-022-00924-y"
"34342266","Role of direct and indirect social and spatial ties in the diffusion of HIV and HCV among people who inject drugs: a cross-sectional community-based network analysis in New Delhi, India","Clipman SJ, Mehta SH, Srikrishnan AK, Zook KJ, Duggal P, Mohapatra S, Shanmugam S, Nandagopal P, Kumar MS, Ogburn E, Lucas GM, Latkin CA, Solomon SS.","Elife. 2021 Aug 3;10:e69174. doi: 10.7554/eLife.69174.","Clipman SJ","Elife","2021","2021/08/03","PMC8370773","","10.7554/eLife.69174"
"36137054","Heavy-tailed sexual contact networks and monkeypox epidemiology in the global outbreak, 2022","Endo A, Murayama H, Abbott S, Ratnayake R, Pearson CAB, Edmunds WJ, Fearon E, Funk S.","Science. 2022 Oct 7;378(6615):90-94. doi: 10.1126/science.add4507. Epub 2022 Sep 22.","Endo A","Science","2022","2022/09/22","","","10.1126/science.add4507"
"35998175","COVID-19's impacts on the scope, effectiveness, and interaction characteristics of online learning: A social network analysis","Zhang J, Ding Y, Yang X, Zhong J, Qiu X, Zou Z, Xu Y, Jin X, Wu X, Huang J, Zheng Y.","PLoS One. 2022 Aug 23;17(8):e0273016. doi: 10.1371/journal.pone.0273016. eCollection 2022.","Zhang J","PLoS One","2022","2022/08/23","PMC9397977","","10.1371/journal.pone.0273016"
"36187642","The impact factors of social media users' forwarding behavior of COVID-19 vaccine topic: Based on empirical analysis of Chinese Weibo users","Sun K, Wang H, Zhang J.","Front Public Health. 2022 Sep 14;10:871722. doi: 10.3389/fpubh.2022.871722. eCollection 2022.","Sun K","Front Public Health","2022","2022/10/03","PMC9515960","","10.3389/fpubh.2022.871722"
"34682365","Spatial Correlation of Air Pollution and Its Causes in Northeast China","Du M, Liu W, Hao Y.","Int J Environ Res Public Health. 2021 Oct 11;18(20):10619. doi: 10.3390/ijerph182010619.","Du M","Int J Environ Res Public Health","2021","2021/10/23","PMC8535700","","10.3390/ijerph182010619"
"33661727","An Emergent Network for the Diffusion of Innovations Among Local Health Departments at the Onset of the COVID-19 Pandemic","Chung M, Dekker D, Gridley-Smith C, Dearing JW.","Prev Chronic Dis. 2021 Mar 4;18:E19. doi: 10.5888/pcd18.200536.","Chung M","Prev Chronic Dis","2021","2021/03/04","PMC7938964","","10.5888/pcd18.200536"
"34290348","A case study of university student networks and the COVID-19 pandemic using a social network analysis approach in halls of residence","Benítez-Andrades JA, Fernández-Villa T, Benavides C, Gayubo-Serrenes A, Martín V, Marqués-Sánchez P.","Sci Rep. 2021 Jul 21;11(1):14877. doi: 10.1038/s41598-021-94383-2.","Benítez-Andrades JA","Sci Rep","2021","2021/07/22","PMC8295391","","10.1038/s41598-021-94383-2"
"34292969","Ending the HIV epidemic using National HIV Behavioral Surveillance (NHBS): Recommendations based on DC model","Das S, Medina R, Nicolosi E, Agopian A, Kuo I, Opoku J, Allston A, Kharfen M.","PLoS One. 2021 Jul 22;16(7):e0253594. doi: 10.1371/journal.pone.0253594. eCollection 2021.","Das S","PLoS One","2021","2021/07/22","PMC8297872","","10.1371/journal.pone.0253594"
"35206355","Do Informational and Emotional Elements Differ between Online Psychological and Physiological Disease Communities in China? A Comparative Study of Depression and Diabetes","Yao Z, Ni Z, Zhang B, Du J.","Int J Environ Res Public Health. 2022 Feb 15;19(4):2167. doi: 10.3390/ijerph19042167.","Yao Z","Int J Environ Res Public Health","2022","2022/02/25","PMC8872467","","10.3390/ijerph19042167"
"34098232","Characterization and influencing factors of the pig movement network in Hunan Province, China","Shi F, Huang B, Shen C, Liu Y, Liu X, Fan Z, Mubarik S, Yu C, Sun X.","Prev Vet Med. 2021 Aug;193:105396. doi: 10.1016/j.prevetmed.2021.105396. Epub 2021 Jun 1.","Shi F","Prev Vet Med","2021","2021/06/07","","","10.1016/j.prevetmed.2021.105396"
"37027400","Social Network Analysis of the Schistosomiasis control program in two local government areas in Oyo state, Nigeria: Insights for NTD elimination plans","Onasanya A, van Engelen J, Oladunni O, Oladepo O, Diehl JC.","PLoS Negl Trop Dis. 2023 Apr 7;17(4):e0011266. doi: 10.1371/journal.pntd.0011266. eCollection 2023 Apr.","Onasanya A","PLoS Negl Trop Dis","2023","2023/04/07","PMC10115309","","10.1371/journal.pntd.0011266"
"30427593","Burkholderia mallei: The dynamics of networks and disease transmission","Cárdenas NC, Galvis JOA, Farinati AA, Grisi-Filho JHH, Diehl GN, Machado G.","Transbound Emerg Dis. 2019 Mar;66(2):715-728. doi: 10.1111/tbed.13071. Epub 2018 Dec 4.","Cárdenas NC","Transbound Emerg Dis","2019","2018/11/15","","","10.1111/tbed.13071"
"36494384","Influence of online opinions and interactions on the Covid-19 vaccination in Chile","Villegas C, Ortiz A, Arriagada V, Ortega S, Walker J, Arriagada E, Kalergis AM, Huepe C.","Sci Rep. 2022 Dec 9;12(1):21288. doi: 10.1038/s41598-022-23738-0.","Villegas C","Sci Rep","2022","2022/12/09","PMC9734170","","10.1038/s41598-022-23738-0"
"31349832","Network analysis of dairy cattle movement and associations with bovine tuberculosis spread and control in emerging dairy belts of Ethiopia","Mekonnen GA, Ameni G, Wood JLN; ETHICOBOTS consortium; Berg S, Conlan AJK.","BMC Vet Res. 2019 Jul 26;15(1):262. doi: 10.1186/s12917-019-1962-1.","Mekonnen GA","BMC Vet Res","2019","2019/07/28","PMC6660945","","10.1186/s12917-019-1962-1"
"36078809","Analysis of Influencing Factors of Urban Community Function Loss in China under Flood Disaster Based on Social Network Analysis Model","Ma L, Huang D, Jiang X, Huang X.","Int J Environ Res Public Health. 2022 Sep 5;19(17):11094. doi: 10.3390/ijerph191711094.","Ma L","Int J Environ Res Public Health","2022","2022/09/09","PMC9518170","","10.3390/ijerph191711094"
"35689992","Modelling control strategies against classical swine fever: Influence of traders and markets using static and temporal networks in Ecuador","Acosta A, Cardenas NC, Imbacuan C, Lentz HHK, Dietze K, Amaku M, Burbano A, Gonçalves VSP, Ferreira F.","Prev Vet Med. 2022 Aug;205:105683. doi: 10.1016/j.prevetmed.2022.105683. Epub 2022 May 31.","Acosta A","Prev Vet Med","2022","2022/06/11","","","10.1016/j.prevetmed.2022.105683"
"31903722","Pig trade networks through live pig markets in Guangdong Province, China","Li Y, Huang B, Shen C, Cai C, Wang Y, Edwards J, Zhang G, Robertson ID.","Transbound Emerg Dis. 2020 May;67(3):1315-1329. doi: 10.1111/tbed.13472. Epub 2020 Jan 13.","Li Y","Transbound Emerg Dis","2020","2020/01/07","PMC7228257","","10.1111/tbed.13472"
"36767950","Analysis of the Characteristics and Causes of Night Tourism Accidents in China Based on SNA and QAP Methods","Huang R, Xie C, Lai F, Li X, Wu G, Phau I.","Int J Environ Res Public Health. 2023 Jan 31;20(3):2584. doi: 10.3390/ijerph20032584.","Huang R","Int J Environ Res Public Health","2023","2023/02/11","PMC9915894","","10.3390/ijerph20032584"
"35486100","Korea's Response to COVID-19 According to Set Time Frames, With a Focus on the Network Between the Government and Responding Agencies: Social Network Analysis","Cho J, Kang W, Lee J.","JMIR Public Health Surveill. 2022 May 23;8(5):e35958. doi: 10.2196/35958.","Cho J","JMIR Public Health Surveill","2022","2022/04/29","PMC9128733","","10.2196/35958"
"31740176","Peer influence of injection drug use cessation among dyads in rural eastern Kentucky","Rudolph AE, Upton E, McDonald MJ, Young AM, Havens JR.","Int J Drug Policy. 2020 Nov;85:102604. doi: 10.1016/j.drugpo.2019.11.012. Epub 2019 Nov 15.","Rudolph AE","Int J Drug Policy","2020","2019/11/20","PMC7784371","NIHMS1656681","10.1016/j.drugpo.2019.11.012"
"34607404","Reconstructing a COVID-19 outbreak within a religious group using social network analysis simulation in Korea","Kim N, Kang SJ, Tak S.","Epidemiol Health. 2021;43:e2021068. doi: 10.4178/epih.e2021068. Epub 2021 Sep 16.","Kim N","Epidemiol Health","2021","2021/10/04","PMC8654504","","10.4178/epih.e2021068"
"35057769","Exploring the association between school-based peer networks and smoking according to socioeconomic status and tobacco control context: a systematic review","Littlecott HJ, Moore GF, McCann M, Melendez-Torres GJ, Mercken L, Reed H, Mann M, Dobbie F, Hawkins J.","BMC Public Health. 2022 Jan 20;22(1):142. doi: 10.1186/s12889-021-12333-z.","Littlecott HJ","BMC Public Health","2022","2022/01/21","PMC8772141","","10.1186/s12889-021-12333-z"
"33692178","The socialisation of the adolescent who carries out team sports: a transversal study of centrality with a social network analysis","Marqués-Sánchez P, Benítez-Andrades JA, Calvo Sánchez MD, Arias N.","BMJ Open. 2021 Mar 10;11(3):e042773. doi: 10.1136/bmjopen-2020-042773.","Marqués-Sánchez P","BMJ Open","2021","2021/03/11","PMC7949419","","10.1136/bmjopen-2020-042773"
"36065815","Association Between Care Fragmentation and Total Spending After Durable Left Ventricular Device Implant: A Mediation Analysis of Health Care-Associated Infections Within a National Medicare-Society of Thoracic Surgeons Intermacs Linked Dataset","Kim KD, Funk RJ, Hou H, Airhart A, Nassar K, Pagani FD, Zhang M, Chandanabhumma PP, Aaronson KD, Chenoweth CE, Hider A, Cabrera L, Likosky DS; Michigan Congestive Heart Failure Investigators.","Circ Cardiovasc Qual Outcomes. 2022 Sep;15(9):e008592. doi: 10.1161/CIRCOUTCOMES.121.008592. Epub 2022 Sep 6.","Kim KD","Circ Cardiovasc Qual Outcomes","2022","2022/09/06","PMC9489640","NIHMS1823614","10.1161/CIRCOUTCOMES.121.008592"
"30905530","It's not all about autism: The emerging landscape of anti-vaccination sentiment on Facebook","Hoffman BL, Felter EM, Chu KH, Shensa A, Hermann C, Wolynn T, Williams D, Primack BA.","Vaccine. 2019 Apr 10;37(16):2216-2223. doi: 10.1016/j.vaccine.2019.03.003. Epub 2019 Mar 21.","Hoffman BL","Vaccine","2019","2019/03/26","","","10.1016/j.vaccine.2019.03.003"
"34764333","Identification of cohesive subgroups in a university hall of residence during the COVID-19 pandemic using a social network analysis approach","Marqués-Sánchez P, Pinto-Carral A, Fernández-Villa T, Vázquez-Casares A, Liébana-Presa C, Benítez-Andrades JA.","Sci Rep. 2021 Nov 11;11(1):22055. doi: 10.1038/s41598-021-01390-4.","Marqués-Sánchez P","Sci Rep","2021","2021/11/12","PMC8586037","","10.1038/s41598-021-01390-4"
"36198312","Multimodal surveillance of SARS-CoV-2 at a university enables development of a robust outbreak response framework","Petros BA, Paull JS, Tomkins-Tinch CH, Loftness BC, DeRuff KC, Nair P, Gionet GL, Benz A, Brock-Fisher T, Hughes M, Yurkovetskiy L, Mulaudzi S, Leenerman E, Nyalile T, Moreno GK, Specht I, Sani K, Adams G, Babet SV, Baron E, Blank JT, Boehm C, Botti-Lodovico Y, Brown J, Buisker AR, Burcham T, Chylek L, Cronan P, Dauphin A, Desreumaux V, Doss M, Flynn B, Gladden-Young A, Glennon O, Harmon HD, Hook TV, Kary A, King C, Loreth C, Marrs L, McQuade KJ, Milton TT, Mulford JM, Oba K, Pearlman L, Schifferli M, Schmidt MJ, Tandus GM, Tyler A, Vodzak ME, Krohn Bevill K, Colubri A, MacInnis BL, Ozsoy AZ, Parrie E, Sholtes K, Siddle KJ, Fry B, Luban J, Park DJ, Marshall J, Bronson A, Schaffner SF, Sabeti PC.","Med. 2022 Dec 9;3(12):883-900.e13. doi: 10.1016/j.medj.2022.09.003. Epub 2022 Sep 19.","Petros BA","Med","2022","2022/10/05","PMC9482833","","10.1016/j.medj.2022.09.003"
"35804182","Impact of joint interactions with humans and social interactions with conspecifics on the risk of zooanthroponotic outbreaks among wildlife populations","Balasubramaniam KN, Aiempichitkijkarn N, Kaburu SSK, Marty PR, Beisner BA, Bliss-Moreau E, Arlet ME, Atwill E, McCowan B.","Sci Rep. 2022 Jul 8;12(1):11600. doi: 10.1038/s41598-022-15713-6.","Balasubramaniam KN","Sci Rep","2022","2022/07/08","PMC9263808","","10.1038/s41598-022-15713-6"
"35984789","Epidemic Vulnerability Index for Effective Vaccine Distribution Against Pandemic","Lee H, Kang M, Kim D, Seo D, Li Y.","IEEE/ACM Trans Comput Biol Bioinform. 2023 Nov-Dec;20(6):3332-3342. doi: 10.1109/TCBB.2022.3198365. Epub 2023 Dec 25.","Lee H","IEEE/ACM Trans Comput Biol Bioinform","2023","2022/08/19","","","10.1109/TCBB.2022.3198365"
"35442385","A COVID-19 nosocomial cluster in a university hospital in southern Italy: a social network analysis","Bianchi FP, Stefanizzi P, Migliore G, Melpignano L, Daleno A, Vimercati L, Marra M, Working Group CR, Tafuri S.","Ann Ig. 2023 Jan-Feb;35(1):39-48. doi: 10.7416/ai.2022.2519. Epub 2022 Apr 19.","Bianchi FP","Ann Ig","2023","2022/04/20","","","10.7416/ai.2022.2519"
"34905566","Contact network analysis of Covid-19 in tourist areas--Based on 333 confirmed cases in China","Yang Z, Song J, Gao S, Wang H, Du Y, Lin Q.","PLoS One. 2021 Dec 14;16(12):e0261335. doi: 10.1371/journal.pone.0261335. eCollection 2021.","Yang Z","PLoS One","2021","2021/12/14","PMC8670701","","10.1371/journal.pone.0261335"
"33675427","Non-pharmaceutical Interventions and the Infodemic on Twitter: Lessons Learned from Italy during the Covid-19 Pandemic","Massaro M, Tamburro P, La Torre M, Dal Mas F, Thomas R, Cobianchi L, Barach P.","J Med Syst. 2021 Mar 6;45(4):50. doi: 10.1007/s10916-021-01726-7.","Massaro M","J Med Syst","2021","2021/03/06","PMC7936238","","10.1007/s10916-021-01726-7"
"37433106","Adolescent alcohol use: use of social network analysis and cross-classified multilevel modeling to examine peer group, school, and neighborhood-level influences","Barker KM, Brown S, Pitpitan EV, Shakya HB, Raj A.","Am J Drug Alcohol Abuse. 2023 Sep 3;49(5):576-586. doi: 10.1080/00952990.2023.2222431. Epub 2023 Jul 11.","Barker KM","Am J Drug Alcohol Abuse","2023","2023/07/11","","","10.1080/00952990.2023.2222431"
"35450553","Regional transmission patterns of carbapenemase-producing Enterobacterales: A healthcare network analysis","Tadese BK, Fujimoto K, DeSantis SM, Mgbere O, Darkoh C.","Infect Control Hosp Epidemiol. 2023 Mar;44(3):453-459. doi: 10.1017/ice.2022.102. Epub 2022 Apr 22.","Tadese BK","Infect Control Hosp Epidemiol","2023","2022/04/22","","","10.1017/ice.2022.102"
"35293466","Specialized care services for children with congenital zika virus syndrome in Rio de Janeiro, Brazil: a social network analysis","Gouvêa DLS, Lovisi GM, Mello MGDS.","Cien Saude Colet. 2022 Mar;27(3):881-894. doi: 10.1590/1413-81232022273.03342021. Epub 2021 Feb 23.","Gouvêa DLS","Cien Saude Colet","2022","2022/03/16","","","10.1590/1413-81232022273.03342021"
"33066791","Outbreak minimization v.s. influence maximization: an optimization framework","Cheng CH, Kuo YH, Zhou Z.","BMC Med Inform Decis Mak. 2020 Oct 16;20(1):266. doi: 10.1186/s12911-020-01281-0.","Cheng CH","BMC Med Inform Decis Mak","2020","2020/10/17","PMC7565233","","10.1186/s12911-020-01281-0"
"34178915","Shifting From Sectoral to Integrated Surveillance by Changing Collaborative Practices: Application to West Nile Virus Surveillance in a Small Island State of the Caribbean","Geffroy M, Pagès N, Chavernac D, Dereeper A, Aubert L, Herrmann-Storck C, Vega-Rúa A, Lecollinet S, Pradel J.","Front Public Health. 2021 Jun 10;9:649190. doi: 10.3389/fpubh.2021.649190. eCollection 2021.","Geffroy M","Front Public Health","2021","2021/06/28","PMC8222804","","10.3389/fpubh.2021.649190"
"35868174","Using value chain and trade networks in the Eastern Cape Province of South Africa, as a basis for targeted rural chicken surveillance","Simbizi V, Moerane R, Ramsay G, Mubamba C, Abolnik C, Gummow B.","Prev Vet Med. 2022 Oct;207:105713. doi: 10.1016/j.prevetmed.2022.105713. Epub 2022 Jul 8.","Simbizi V","Prev Vet Med","2022","2022/07/22","","","10.1016/j.prevetmed.2022.105713"
"34373268","Illuminating and mitigating the evolving impacts of COVID-19 on ethnocultural communities: a participatory action mixed-methods study","Campbell-Scherer D, Chiu Y, Ofosu NN, Luig T, Hunter KH, Jabbour B, Farooq S, Mahdi A, Gayawira A, Awasis F, Olokude F, Goa H, Syed H, Sillito J, Yip L, Belle L, Akot M, Nutter M, Farhat N, Wang Y, Jalal N, Khalif S, Chapagain S, Fernandez S, Azarcon S, Hama Z.","CMAJ. 2021 Aug 9;193(31):E1203-E1212. doi: 10.1503/cmaj.210131.","Campbell-Scherer D","CMAJ","2021","2021/08/10","PMC8367425","","10.1503/cmaj.210131"
"31828804","Psychometric Validation of the Brief Alcohol Social Density Assessment in an Adult Community Sample","Levitt EE, Oshri A, Clifton A, Stout R, Costello MJ, VanDellen M, Kelly JF, MacKillop J.","Alcohol Clin Exp Res. 2020 Jan;44(1):212-218. doi: 10.1111/acer.14227. Epub 2019 Dec 11.","Levitt EE","Alcohol Clin Exp Res","2020","2019/12/13","PMC7318108","NIHMS1593303","10.1111/acer.14227"
"34019485","Problematic Internet use among residential college students during the COVID-19 lockdown: A social network analysis approach","Xia Y, Fan Y, Liu TH, Ma Z.","J Behav Addict. 2021 May 20;10(2):253-262. doi: 10.1556/2006.2021.00028. Print 2021 Jul 15.","Xia Y","J Behav Addict","2021","2021/05/21","PMC8996801","","10.1556/2006.2021.00028"
"34769685","Being Popular or Having Popular Friends, Which Is Better? A Longitudinal Social Network Analysis of Depressive Symptoms among Chinese Adolescents under Major Chronic Stress","Fu L, Fan Y, Cheng J, Zheng H, Liu Z.","Int J Environ Res Public Health. 2021 Oct 24;18(21):11164. doi: 10.3390/ijerph182111164.","Fu L","Int J Environ Res Public Health","2021","2021/11/13","PMC8583228","","10.3390/ijerph182111164"
"32574702","Super-factors associated with transmission of occupational COVID-19 infection among healthcare staff in Wuhan, China","Wang Y, Wu W, Cheng Z, Tan X, Yang Z, Zeng X, Mei B, Ni Z, Wang X.","J Hosp Infect. 2020 Sep;106(1):25-34. doi: 10.1016/j.jhin.2020.06.023. Epub 2020 Jun 20.","Wang Y","J Hosp Infect","2020","2020/06/24","PMC7836737","","10.1016/j.jhin.2020.06.023"
"36735668","Autonomy-supportive sexual health communication and sexual health behaviors for black and Latino MSM in the House Ball Community: Protocol for a social network analysis and exploratory structural equation model","Smith MDR, Leblanc NM, Nelson LE, McMahon JM.","PLoS One. 2023 Feb 3;18(2):e0276350. doi: 10.1371/journal.pone.0276350. eCollection 2023.","Smith MDR","PLoS One","2023","2023/02/03","PMC9897560","","10.1371/journal.pone.0276350"
"33808795","A Bibliometric Analysis on Dengue Outbreaks in Tropical and Sub-Tropical Climates Worldwide Since 1950","Liu SY, Chien TW, Yang TY, Yeh YT, Chou W, Chow JC.","Int J Environ Res Public Health. 2021 Mar 19;18(6):3197. doi: 10.3390/ijerph18063197.","Liu SY","Int J Environ Res Public Health","2021","2021/04/03","PMC8003706","","10.3390/ijerph18063197"
"35954944","Risk Communication in the Alert Phase of the COVID-19 Pandemic: Analysis of News Flow at National and Global Levels","Guo H, Zhang J, Feng S, Chen B, Wang M.","Int J Environ Res Public Health. 2022 Aug 4;19(15):9588. doi: 10.3390/ijerph19159588.","Guo H","Int J Environ Res Public Health","2022","2022/08/12","PMC9368721","","10.3390/ijerph19159588"
"36091539","Structural characteristics of China's COVID-19 patent cooperation network at the province, city, and patent applicant levels","Xia W, Wang Z, Zhang J, Yu J, Qiu L, Yang Z.","Front Public Health. 2022 Aug 25;10:985576. doi: 10.3389/fpubh.2022.985576. eCollection 2022.","Xia W","Front Public Health","2022","2022/09/12","PMC9452781","","10.3389/fpubh.2022.985576"
"33040268","Network Analysis of Internet Addiction Symptoms Among a Clinical Sample of Japanese Adolescents with Autism Spectrum Disorder","Hirota T, McElroy E, So R.","J Autism Dev Disord. 2021 Aug;51(8):2764-2772. doi: 10.1007/s10803-020-04714-x.","Hirota T","J Autism Dev Disord","2021","2020/10/11","","","10.1007/s10803-020-04714-x"
"37024098","Association of group-level segregation with cardiovascular health in older adults: an analysis of data from the Korean Social Life, Health, and Aging Project","Lee SH, Lee HH, Sung K, Youm Y, Kim HC.","Epidemiol Health. 2023;45:e2023041. doi: 10.4178/epih.e2023041. Epub 2023 Apr 4.","Lee SH","Epidemiol Health","2023","2023/04/06","PMC10396819","","10.4178/epih.e2023041"
"31369570","Design and methods of Shape Up Under 5: Integration of systems science and community-engaged research to prevent early childhood obesity","Appel JM, Fullerton K, Hennessy E, Korn AR, Tovar A, Allender S, Hovmand PS, Kasman M, Swinburn BA, Hammond RA, Economos CD.","PLoS One. 2019 Aug 1;14(8):e0220169. doi: 10.1371/journal.pone.0220169. eCollection 2019.","Appel JM","PLoS One","2019","2019/08/02","PMC6675039","","10.1371/journal.pone.0220169"
"37316653","Network analysis of pig movement data as an epidemiological tool: an Austrian case study","Puspitarani GA, Fuchs R, Fuchs K, Ladinig A, Desvars-Larrive A.","Sci Rep. 2023 Jun 14;13(1):9623. doi: 10.1038/s41598-023-36596-1.","Puspitarani GA","Sci Rep","2023","2023/06/14","PMC10267221","","10.1038/s41598-023-36596-1"
"35055511","Complex Contact Network of Patients at the Beginning of an Epidemic Outbreak: An Analysis Based on 1218 COVID-19 Cases in China","Yang Z, Zhang J, Gao S, Wang H.","Int J Environ Res Public Health. 2022 Jan 8;19(2):689. doi: 10.3390/ijerph19020689.","Yang Z","Int J Environ Res Public Health","2022","2022/01/21","PMC8775888","","10.3390/ijerph19020689"
"32580982","Development of an implementation and evaluation strategy for the Australian 'Zero Childhood Cancer' (Zero) Program: a study protocol","Rapport F, Smith J, O'Brien TA, Tyrrell VJ, Mould EV, Long JC, Gul H, Braithwaite J.","BMJ Open. 2020 Jun 23;10(6):e034522. doi: 10.1136/bmjopen-2019-034522.","Rapport F","BMJ Open","2020","2020/06/26","PMC7312332","","10.1136/bmjopen-2019-034522"
"31420823","Prescribing Associated with High-Risk Opioid Exposures Among Non-cancer Chronic Users of Opioid Analgesics: a Social Network Analysis","Hinami K, Ray MJ, Doshi K, Torres M, Aks S, Shannon JJ, Trick WE.","J Gen Intern Med. 2019 Nov;34(11):2443-2450. doi: 10.1007/s11606-019-05114-3. Epub 2019 Aug 16.","Hinami K","J Gen Intern Med","2019","2019/08/18","PMC6848735","","10.1007/s11606-019-05114-3"
"36452959","Research on the evolution of the Chinese urban biomedicine innovation network pattern: An analysis using multispatial scales","Ren Z, Yu J, Qiu L, Hong X, Wei S, Zhou H, Hu X, Zhang X, Zhang W, Bathuure IA, Yang Q, Su N, Lee W, Wang X, Hu H.","Front Public Health. 2022 Nov 14;10:1036586. doi: 10.3389/fpubh.2022.1036586. eCollection 2022.","Ren Z","Front Public Health","2022","2022/12/01","PMC9702537","","10.3389/fpubh.2022.1036586"
"36388385","A study on the evolution of economic patterns and urban network system in Guangdong-Hong Kong-Macao greater bay area","Tang B, Chen Z, Zhang Y, Sun H.","Front Public Health. 2022 Oct 25;10:973843. doi: 10.3389/fpubh.2022.973843. eCollection 2022.","Tang B","Front Public Health","2022","2022/11/17","PMC9642000","","10.3389/fpubh.2022.973843"
"34920326","Unravelling direct and indirect contact patterns between duck farms in France and their association with the 2016-2017 epidemic of Highly Pathogenic Avian Influenza (H5N8)","Bauzile B, Sicard G, Guinat C, Andraud M, Rose N, Hammami P, Durand B, Paul MC, Vergne T.","Prev Vet Med. 2022 Jan;198:105548. doi: 10.1016/j.prevetmed.2021.105548. Epub 2021 Nov 23.","Bauzile B","Prev Vet Med","2022","2021/12/17","","","10.1016/j.prevetmed.2021.105548"
"37582086","Adolescent relational behaviour and the obesity pandemic: A descriptive study applying social network analysis and machine learning techniques","Marqués-Sánchez P, Martínez-Fernández MC, Benítez-Andrades JA, Quiroga-Sánchez E, García-Ordás MT, Arias-Ramos N.","PLoS One. 2023 Aug 15;18(8):e0289553. doi: 10.1371/journal.pone.0289553. eCollection 2023.","Marqués-Sánchez P","PLoS One","2023","2023/08/15","PMC10427001","","10.1371/journal.pone.0289553"
"30547711","A stakeholder analysis of community-led collaboration to reduce health inequity in a deprived neighbourhood in South Korea","Heo HH, Jeong W, Che XH, Chung H.","Glob Health Promot. 2020 Jun;27(2):35-44. doi: 10.1177/1757975918791517. Epub 2018 Dec 14.","Heo HH","Glob Health Promot","2020","2018/12/15","","","10.1177/1757975918791517"
"38222403","COVID-19 vaccine equity and health equity conversations on Twitter","Jain NR, Zachary I, Boren SA.","AMIA Annu Symp Proc. 2024 Jan 11;2023:997-1006. eCollection 2023.","Jain NR","AMIA Annu Symp Proc","2024","2024/01/15","PMC10785937","",""
"37870127","The Role of Location in the Spread of SARS-CoV-2: Examination of Cases and Exposed Contacts in South Texas, Using Social Network Analysis","Jones EC, Rodriguez D, Gimeno Ruiz de Porras D, Kurian A, Tsai J.","Disaster Med Public Health Prep. 2023 Oct 23;17:e516. doi: 10.1017/dmp.2023.189.","Jones EC","Disaster Med Public Health Prep","2023","2023/10/23","","","10.1017/dmp.2023.189"
"34073064","Causal Attributions in Breast Cancer Patients Planning to Undergo Adjuvant Endocrine Therapy","Park SK, Min YH, Lee M, Lee SB.","Int J Environ Res Public Health. 2021 May 31;18(11):5931. doi: 10.3390/ijerph18115931.","Park SK","Int J Environ Res Public Health","2021","2021/06/02","PMC8198340","","10.3390/ijerph18115931"
"32091357","Role of Live-Duck Movement Networks in Transmission of Avian Influenza, France, 2016-2017","Guinat C, Durand B, Vergne T, Corre T, Rautureau S, Scoizec A, Lebouquin-Leneveu S, Guérin JL, Paul MC.","Emerg Infect Dis. 2020 Mar;26(3):472-480. doi: 10.3201/eid2603.190412.","Guinat C","Emerg Infect Dis","2020","2020/02/25","PMC7045841","","10.3201/eid2603.190412"
"36263465","The spread of coronavirus disease 2019 (COVID-19) via staff work and household networks in residential aged-care services in Victoria, Australia, May-October 2020","Sullivan SG, Sadewo GRP, Brotherton JM, Kaufman C, Goldsmith JJ, Whiting S, Wu L, Canevari JT, Lusher D.","Infect Control Hosp Epidemiol. 2023 Aug;44(8):1334-1341. doi: 10.1017/ice.2022.243. Epub 2022 Oct 20.","Sullivan SG","Infect Control Hosp Epidemiol","2023","2022/10/20","","","10.1017/ice.2022.243"
"31072386","Scientific and technological contributions of Latin America and Caribbean countries to the Zika virus outbreak","Machado-Silva A, Guindalini C, Fonseca FL, Pereira-Silva MV, Fonseca BP.","BMC Public Health. 2019 May 9;19(1):530. doi: 10.1186/s12889-019-6842-x.","Machado-Silva A","BMC Public Health","2019","2019/05/11","PMC6507135","","10.1186/s12889-019-6842-x"
"34065031","Density or Connectivity: What Are the Main Causes of the Spatial Proliferation of COVID-19 in Korea?","Jo Y, Hong A, Sung H.","Int J Environ Res Public Health. 2021 May 11;18(10):5084. doi: 10.3390/ijerph18105084.","Jo Y","Int J Environ Res Public Health","2021","2021/06/02","PMC8150374","","10.3390/ijerph18105084"
"33592129","HIV transmission network analysis allows identifying unreported risk factors in HIV-positive blood donors in France","Cappy P, Chaillon A, Pillonel J, Essat A, Chaix ML, Meyer L, Barin F, Tiberghien P, Laperche S.","Transfusion. 2021 Apr;61(4):1191-1201. doi: 10.1111/trf.16290. Epub 2021 Feb 16.","Cappy P","Transfusion","2021","2021/02/16","","","10.1111/trf.16290"
"36877319","Latent Profile Patterns of Network-Level Norms and Associations with Individual-Level Sexual Behaviors: The N2 Cohort Study in Chicago","Shrader CH, Duncan DT, Chen YT, Driver R, Russell J, Moody RL, Knox J, Skaathun B, Durrell M, Hanson H, Eavou R, Goedel WC, Schneider JA.","Arch Sex Behav. 2023 Aug;52(6):2355-2372. doi: 10.1007/s10508-023-02555-0. Epub 2023 Mar 6.","Shrader CH","Arch Sex Behav","2023","2023/03/06","PMC10480356","NIHMS1883859","10.1007/s10508-023-02555-0"
"37903814","Identifying target areas for risk-based surveillance and control of transboundary animal diseases: a seasonal analysis of slaughter and live-trade cattle movements in Uganda","González-Gordon L, Porphyre T, Muwonge A, Nantima N, Ademun R, Ochwo S, Mwiine NF, Boden L, Muhanguzi D, Bronsvoort BMC.","Sci Rep. 2023 Oct 30;13(1):18619. doi: 10.1038/s41598-023-44518-4.","González-Gordon L","Sci Rep","2023","2023/10/31","PMC10616094","","10.1038/s41598-023-44518-4"
"30407637","Cultural values, coping, and hope in Yup'ik communities facing rapid cultural change","Rivkin I, Lopez EDS, Trimble JE, Johnson S, Orr E, Quaintance T.","J Community Psychol. 2019 Apr;47(3):611-627. doi: 10.1002/jcop.22141. Epub 2018 Nov 8.","Rivkin I","J Community Psychol","2019","2018/11/09","","","10.1002/jcop.22141"
"30819161","Active contact tracing beyond the household in multidrug resistant tuberculosis in Vietnam: a cohort study","Hoang TTT, Nguyen VN, Dinh NS, Thwaites G, Nguyen TA, van Doorn HR, Cobelens F, Wertheim HFL.","BMC Public Health. 2019 Feb 28;19(1):241. doi: 10.1186/s12889-019-6573-z.","Hoang TTT","BMC Public Health","2019","2019/03/02","PMC6394002","","10.1186/s12889-019-6573-z"
"38056221","The relationship between cryptomarket drug purchase, social networks and adverse drug events: A cross-sectional study","Coney L, Peacock A, Malm A, Munksgaard R, Aldridge J, Ferris JA, Maier LJ, Winstock AR, Barratt MJ.","Int J Drug Policy. 2024 Jan;123:104258. doi: 10.1016/j.drugpo.2023.104258. Epub 2023 Dec 5.","Coney L","Int J Drug Policy","2024","2023/12/06","","","10.1016/j.drugpo.2023.104258"
"31150524","The pig transport network in Switzerland: Structure, patterns, and implications for the transmission of infectious diseases between animal holdings","Sterchi M, Faverjon C, Sarasua C, Vargas ME, Berezowski J, Bernstein A, Grütter R, Nathues H.","PLoS One. 2019 May 31;14(5):e0217974. doi: 10.1371/journal.pone.0217974. eCollection 2019.","Sterchi M","PLoS One","2019","2019/06/01","PMC6544307","","10.1371/journal.pone.0217974"
"33481803","Lessons from movement ecology for the return to work: Modeling contacts and the spread of COVID-19","Shaw AK, White LA, Michalska-Smith M, Borer ET, Craft ME, Seabloom EW, Snell-Rood EC, Travisano M.","PLoS One. 2021 Jan 22;16(1):e0242955. doi: 10.1371/journal.pone.0242955. eCollection 2021.","Shaw AK","PLoS One","2021","2021/01/22","PMC7822505","","10.1371/journal.pone.0242955"
"37783543","A holistic AI-based approach for pharmacovigilance optimization from patients behavior on social media","Roche V, Robert JP, Salam H.","Artif Intell Med. 2023 Oct;144:102638. doi: 10.1016/j.artmed.2023.102638. Epub 2023 Aug 21.","Roche V","Artif Intell Med","2023","2023/10/02","","","10.1016/j.artmed.2023.102638"
"36589476","The Need to Address Fragmentation and Silos in Mortality Information Systems: The Case of Ghana and Peru","Cobos Muñoz D, Sant Fruchtman C, Miki J, Vargas-Herrera J, Woode S, Dake FAA, Clapham B, De Savigny D, Botchway E.","Int J Public Health. 2022 Dec 14;67:1604721. doi: 10.3389/ijph.2022.1604721. eCollection 2022.","Cobos Muñoz D","Int J Public Health","2022","2023/01/02","PMC9794598","","10.3389/ijph.2022.1604721"
"36674165","The Impact of Cooperative Behavior between Social Organizations during the COVID-19 Pandemic Outbreak in Shanghai: A Simulation Approach","Fang W, Qin C, Zhou D, Yin J, Liu Z, Guan X.","Int J Environ Res Public Health. 2023 Jan 12;20(2):1409. doi: 10.3390/ijerph20021409.","Fang W","Int J Environ Res Public Health","2023","2023/01/21","PMC9859334","","10.3390/ijerph20021409"
"37667225","Identifying critical gaps in research to advance global surgery by 2030: a systematic mapping review","Kebede MA, Tor DSG, Aklilu T, Petros A, Ifeanyichi M, Aderaw E, Bognini MS, Singh D, Emodi R, Hargest R, Friebel R.","BMC Health Serv Res. 2023 Sep 4;23(1):946. doi: 10.1186/s12913-023-09973-9.","Kebede MA","BMC Health Serv Res","2023","2023/09/04","PMC10478287","","10.1186/s12913-023-09973-9"
"35010280","The Dynamics of Cross-Sector Collaboration in Centralized Disaster Governance: A Network Study of Interorganizational Collaborations during the MERS Epidemic in South Korea","Ku M, Han A, Lee KH.","Int J Environ Res Public Health. 2021 Dec 21;19(1):18. doi: 10.3390/ijerph19010018.","Ku M","Int J Environ Res Public Health","2021","2022/01/11","PMC8750568","","10.3390/ijerph19010018"
"33321902","Papás Activos: Associations between Physical Activity, Sedentary Behavior and Personal Networks among Fathers Living in Texas Colonias","Prochnow T, Umstattd Meyer MR, Patterson MS, McClendon ME, Gómez L, Trost SG, Sharkey J.","Int J Environ Res Public Health. 2020 Dec 10;17(24):9243. doi: 10.3390/ijerph17249243.","Prochnow T","Int J Environ Res Public Health","2020","2020/12/16","PMC7763635","","10.3390/ijerph17249243"
"36395595","Post-larvae movement network of marine shrimp during the 2013 outbreak of acute hepatopancreatic necrosis disease in Thailand","Poolkhet C, Boonyawiwat V, Yaemkasem S, Kasornchandra J.","Prev Vet Med. 2023 Jan;210:105796. doi: 10.1016/j.prevetmed.2022.105796. Epub 2022 Nov 9.","Poolkhet C","Prev Vet Med","2023","2022/11/17","","","10.1016/j.prevetmed.2022.105796"
"31083523","Morbi-Mortality of the Victims of Internal Conflict and Poor Population in the Risaralda Province, Colombia","Rentería-Ramos R, Hurtado-Heredia R, Urdinola BP.","Int J Environ Res Public Health. 2019 May 11;16(9):1644. doi: 10.3390/ijerph16091644.","Rentería-Ramos R","Int J Environ Res Public Health","2019","2019/05/15","PMC6540234","","10.3390/ijerph16091644"
"37439917","The Intersection of Age and HIV Status for Black Sexual Minority Men (BSMM): A Social Network Analysis","Clair CA, Volpi C, Dunn D, Latkin CA, Tobin KE.","AIDS Behav. 2024 Jan;28(1):238-244. doi: 10.1007/s10461-023-04127-8. Epub 2023 Jul 13.","Clair CA","AIDS Behav","2024","2023/07/13","","","10.1007/s10461-023-04127-8"
"35139109","Users' polarisation in dynamic discussion networks: The case of refugee crisis in Sweden","Kopacheva E, Yantseva V.","PLoS One. 2022 Feb 9;17(2):e0262992. doi: 10.1371/journal.pone.0262992. eCollection 2022.","Kopacheva E","PLoS One","2022","2022/02/09","PMC8827437","","10.1371/journal.pone.0262992"
"31970580","Sex Partner Behavior Variation Related to Network Position of and Residential Proximity to Sex Partners Among Young Black Men Who Have Sex with Men","Chen YT, Issema RS, Hotton A, Khanna AS, Ardestani BM, Schneider JA, Rudolph A.","AIDS Behav. 2020 Aug;24(8):2327-2335. doi: 10.1007/s10461-020-02792-7.","Chen YT","AIDS Behav","2020","2020/01/24","PMC7375005","NIHMS1551489","10.1007/s10461-020-02792-7"
"34388190","Are neighbourhoods of tuberculosis cases a high-risk population for active intervention? A protocol for tuberculosis active case finding","Alisjahbana B, Koesoemadinata RC, Hadisoemarto PF, Lestari BW, Hartati S, Chaidir L, Huang CC, Murray M, Hill PC, McAllister SM.","PLoS One. 2021 Aug 13;16(8):e0256043. doi: 10.1371/journal.pone.0256043. eCollection 2021.","Alisjahbana B","PLoS One","2021","2021/08/13","PMC8362935","","10.1371/journal.pone.0256043"
"34896940","Preventive effect of on-farm biosecurity practices against highly pathogenic avian influenza (HPAI) H5N6 infection on commercial layer farms in the Republic of Korea during the 2016-17 epidemic: A case-control study","Yoo DS, Lee KN, Chun BC, Lee HS, Park H, Kim JK.","Prev Vet Med. 2022 Feb;199:105556. doi: 10.1016/j.prevetmed.2021.105556. Epub 2021 Dec 3.","Yoo DS","Prev Vet Med","2022","2021/12/13","","","10.1016/j.prevetmed.2021.105556"
"31963383","A Framework to Understand the Progression of Cardiovascular Disease for Type 2 Diabetes Mellitus Patients Using a Network Approach","Hossain ME, Uddin S, Khan A, Moni MA.","Int J Environ Res Public Health. 2020 Jan 16;17(2):596. doi: 10.3390/ijerph17020596.","Hossain ME","Int J Environ Res Public Health","2020","2020/01/23","PMC7013570","","10.3390/ijerph17020596"
"33207310","Detection of Hate Speech in COVID-19-Related Tweets in the Arab Region: Deep Learning and Topic Modeling Approach","Alshalan R, Al-Khalifa H, Alsaeed D, Al-Baity H, Alshalan S.","J Med Internet Res. 2020 Dec 8;22(12):e22609. doi: 10.2196/22609.","Alshalan R","J Med Internet Res","2020","2020/11/18","PMC7725497","","10.2196/22609"
"31731821","Progreso en Salud: Findings from Two Adapted Social Network HIV Risk Reduction Interventions for Latina Seasonal Workers","Kanamori M, Rosa M, Shrader CH, Munayco C, Doblecki-Lewis S, Prado G, Safren S, Trepka MJ, Fujimoto K.","Int J Environ Res Public Health. 2019 Nov 15;16(22):4530. doi: 10.3390/ijerph16224530.","Kanamori M","Int J Environ Res Public Health","2019","2019/11/17","PMC6888294","","10.3390/ijerph16224530"
"31461540","Contact tracing strategies in household and congregate environments to identify cases of tuberculosis in low- and moderate-incidence populations","Braganza Menezes D, Menezes B, Dedicoat M.","Cochrane Database Syst Rev. 2019 Aug 28;8(8):CD013077. doi: 10.1002/14651858.CD013077.pub2.","Braganza Menezes D","Cochrane Database Syst Rev","2019","2019/08/29","PMC6713498","","10.1002/14651858.CD013077.pub2"
"37390019","Localizing COVID-19 Misinformation: A Case Study of Tracking Twitter Pandemic Narratives in Pennsylvania Using Computational Network Science","Alieva I, Robertson D, Carley KM.","J Health Commun. 2023 Apr 7;28(sup1):76-85. doi: 10.1080/10810730.2023.2217102.","Alieva I","J Health Commun","2023","2023/06/30","","","10.1080/10810730.2023.2217102"
"33825294","Built environment in programs to promote physical activity among Latino children and youth living in the United States and in Latin America","Sarmiento OL, Rubio MA, King AC, Serrano N, Hino AAF, Hunter RF, Aguilar-Farias N, Parra DC, Salvo D, Jáuregui A, Lee RE, Kohl B.","Obes Rev. 2021 Jun;22 Suppl 3(Suppl 3):e13236. doi: 10.1111/obr.13236. Epub 2021 Apr 6.","Sarmiento OL","Obes Rev","2021","2021/04/07","PMC8365655","","10.1111/obr.13236"
"32293676","Molecular Epidemiology of Mycobacterium tuberculosis To Describe the Transmission Dynamics Among Inuit Residing in Iqaluit Nunavut Using Whole-Genome Sequencing","Alvarez GG, Zwerling AA, Duncan C, Pease C, Van Dyk D, Behr MA, Lee RS, Mulpuru S, Pakhale S, Cameron DW, Aaron SD, Patterson M, Allen J, Sullivan K, Jolly A, Sharma MK, Jamieson FB.","Clin Infect Dis. 2021 Jun 15;72(12):2187-2195. doi: 10.1093/cid/ciaa420.","Alvarez GG","Clin Infect Dis","2021","2020/04/16","PMC8204784","","10.1093/cid/ciaa420"
"36652097","The Diffusion of Smoking: Association Between School Tobacco Policies and the Diffusion of Adolescent Smoking in 38 Schools in 6 Countries","Mélard N, Grard A, Delvenne JC, Mercken L, Perelman J, Kunst AE, Lorant V.","Prev Sci. 2023 May;24(4):752-764. doi: 10.1007/s11121-022-01486-x. Epub 2023 Jan 18.","Mélard N","Prev Sci","2023","2023/01/18","","","10.1007/s11121-022-01486-x"
"35437073","Shifts of SARS-CoV-2 exposure settings in the transmission clusters of 2 epidemic waves in Hong Kong","Kwan TH, Wong NS, Yeoh EK, Lee SS.","Int J Environ Health Res. 2023 Sep;33(9):911-923. doi: 10.1080/09603123.2022.2064438. Epub 2022 Apr 18.","Kwan TH","Int J Environ Health Res","2023","2022/04/19","","","10.1080/09603123.2022.2064438"
"33291317","Comorbidity Patterns of Older Lung Cancer Patients in Northeast China: An Association Rules Analysis Based on Electronic Medical Records","Feng J, Mu XM, Ma LL, Wang W.","Int J Environ Res Public Health. 2020 Dec 6;17(23):9119. doi: 10.3390/ijerph17239119.","Feng J","Int J Environ Res Public Health","2020","2020/12/09","PMC7729838","","10.3390/ijerph17239119"
"32605070","Investigation of Measles Outbreak among Thai and Migrant Workers in Two Factories in Nakhon Pathom, Thailand, 2019","Wongsanuphat S, Thitichai P, Jaiyong R, Plernprom P, Thintip K, Jitpeera C, Suphanchaimat R.","Int J Environ Res Public Health. 2020 Jun 27;17(13):4627. doi: 10.3390/ijerph17134627.","Wongsanuphat S","Int J Environ Res Public Health","2020","2020/07/02","PMC7369850","","10.3390/ijerph17134627"
"38241268","Low credibility URL sharing on Twitter during reporting linking rare blood clots with the Oxford/AstraZeneca COVID-19 vaccine","Hobbs A, Aldosery A, Kostkova P.","PLoS One. 2024 Jan 19;19(1):e0296444. doi: 10.1371/journal.pone.0296444. eCollection 2024.","Hobbs A","PLoS One","2024","2024/01/19","PMC10798519","","10.1371/journal.pone.0296444"
"38184548","Influence of physician networks on the implementation of pharmaceutical alternatives to a toxic drug supply in British Columbia","Kurz M, Guerra-Alejos BC, Min JE, Barker B, Pauly B, Urbanoski K, Nosyk B.","Implement Sci. 2024 Jan 6;19(1):3. doi: 10.1186/s13012-023-01331-x.","Kurz M","Implement Sci","2024","2024/01/06","PMC10771688","","10.1186/s13012-023-01331-x"
"31110055","National action plans to tackle NCDs: role of stakeholder network analysis","Hunter RF, Wickramasinghe K, Ergüder T, Bolat A, Arı HO, Yıldırım HH, Ursu P, Robinson G, Breda J, Mikkelsen B, Connolly P, Clarke M, Kee F.","BMJ. 2019 May 20;365:l1871. doi: 10.1136/bmj.l1871.","Hunter RF","BMJ","2019","2019/05/22","PMC6526679","","10.1136/bmj.l1871"
"30927370","Differential Influence of Same- and Cross-Ethnic Friends on Ethnic-Racial Identity Development in Early Adolescence","Jugert P, Leszczensky L, Pink S.","Child Dev. 2020 May;91(3):949-963. doi: 10.1111/cdev.13240. Epub 2019 Mar 30.","Jugert P","Child Dev","2020","2019/03/31","","","10.1111/cdev.13240"
"30771888","Characterization of swine movements in the United States and implications for disease control","Kinsley AC, Perez AM, Craft ME, Vanderwaal KL.","Prev Vet Med. 2019 Mar 1;164:1-9. doi: 10.1016/j.prevetmed.2019.01.001. Epub 2019 Jan 11.","Kinsley AC","Prev Vet Med","2019","2019/02/18","","","10.1016/j.prevetmed.2019.01.001"
"37899643","Racial/Ethnic disparities in the chains of morbid events leading to death: network analysis of US multiple cause of death data","Ukolova E, Burcin B.","Biodemography Soc Biol. 2023 Oct-Dec;68(4):149-165. doi: 10.1080/19485565.2023.2271841. Epub 2023 Nov 27.","Ukolova E","Biodemography Soc Biol","2023","2023/10/30","","","10.1080/19485565.2023.2271841"
